id,username,email,created_at
80983171,ge5u7geu,5n1vrln1@example.com,2024-10-24 10:36:24.234747
02690476,ns95s4rn,emv118gl@example.com,2024-08-25 10:36:24.234783
22845010,ep43kqxb,iq7oua3v@example.com,2024-06-21 10:36:24.234805
00763704,4w23pxl0,v1i9ko46@example.com,2024-08-23 10:36:24.234821
59624182,o9a71nfo,7k1fe5qe@example.com,2024-06-21 10:36:24.234835
27784728,i9szp0v3,gtl2zpcz@example.com,2024-04-19 10:36:24.234849
84762878,hed4l0d1,goms8xjg@example.com,2024-07-26 10:36:24.234863
19753593,szdg0x9q,wm5t63ay@example.com,2024-11-04 10:36:24.234880
16031854,ff7sx70u,wpx4cgk0@example.com,2024-03-07 10:36:24.234900
50197557,ylfbz86l,bdt6ss82@example.com,2025-01-08 10:36:24.234914
